Name,Maths,Science,English,Average
Ram,85,88,84,85.66666666666667
Sita,90,91,89,90.0
John,78,80,79,79.0
Asha,92,95,90,92.33333333333333
